benchmark,primaryScore,noOfValues,CYCLE_ACTIVITY.STALLS_L2_MISS,CYCLE_ACTIVITY.CYCLES_L1D_MISS,CYCLE_ACTIVITY.STALLS_TOTAL,LLC-loads,CYCLE_ACTIVITY.CYCLES_L2_MISS,CYCLE_ACTIVITY.STALLS_L1D_MISS,L1-dcache-loads,L2_RQSTS.ALL_DEMAND_DATA_RD,LLC-load-misses,CYCLE_ACTIVITY.CYCLES_L3_MISS,CYCLE_ACTIVITY.STALLS_L3_MISS,
com.bhf.averages.CalculatingAveragesForEach.testSimpleArrayAverageForEach,1.6737771556837985E8,4,0.0045515830980216035,0.008419922146085381,0.1516407020913378,1.1522127869579782E-4,0.0073296891798218765,0.005039523157737959,20.0374540798729,2.660066437316544E-4,6.5039210490719005E-6,0.0038951852711753086,0.001427674032252849,
com.bhf.averages.CalculatingAveragesForEach.testSimpleArrayAverageForEach,1.2100934551124541E8,8,0.006773095111505596,0.010193999096534647,0.39733243406759805,1.4485896022124818E-4,0.008605336821621082,0.005109091110122095,26.069033304012528,3.351557659750212E-4,2.0078769497455772E-5,9.746357496072122E-4,0.003936879214299192,
com.bhf.averages.CalculatingAveragesForEach.testSimpleArrayAverageForEach,8.102814092482609E7,16,0.008244108605605493,0.016736085179998028,1.758252954191376,2.205206814910386E-4,0.015221001777225254,0.008368160696143647,34.048118902281054,5.217218293104599E-4,1.1052449212276318E-5,0.008201754218189816,0.007962730240706262,
com.bhf.averages.CalculatingAveragesForEach.testSimpleArrayAverageForEach,4.386202709985994E7,32,0.012243025202978493,0.01479939785211187,9.287546624770265,5.93671689741223E-4,0.011739993440281446,0.01426985873976732,50.1083818426613,0.0012106845865166606,6.41513536315927E-5,0.00502602960432074,0.002475177168253674,
com.bhf.averages.CalculatingAveragesForEach.testSimpleArrayAverageForEach,1.9138487115206458E7,64,0.017628828092516386,0.03160143428206452,45.017856519937304,0.0013930075098349125,0.0557699621239848,0.034875295813617466,81.91776026046313,0.002108959196389901,1.438818910255246E-4,0.030403712722020013,0.00677002585474529,
com.bhf.averages.CalculatingAveragesForEach.testSimpleArrayAverageForEach,8687969.222164426,128,0.03428818227582767,0.07888384875258664,128.9633959633631,0.003035842801486129,0.1043777364385814,0.07240372501668141,146.04916975413468,0.004816286734342427,3.935854064888791E-4,0.06682416922531352,0.012221567138946007,
com.bhf.averages.CalculatingAveragesForEach.testSimpleArrayAverageForEach,3553571.012368677,256,0.24862625315937878,0.5517087991984362,442.5177152519052,0.0055049477358918835,0.45093676759352086,0.24422522570685132,274.2290892431386,0.013166940472600076,3.523833785770478E-4,0.23168610568659934,0.15853959301734394,
com.bhf.averages.CalculatingAveragesForEach.testSimpleArrayAverageForEach,1627365.9666257808,512,0.3590307602994699,0.6812506801435247,1078.7505774949566,0.019274874539892562,0.4948354013683323,0.6104572706921051,531.2004338831147,0.03910584323116814,0.0030230150621686543,0.27028799737576353,0.18465670610521906,
com.bhf.averages.CalculatingAveragesForEach.testSimpleArrayAverageForEach,777068.0502726338,1024,1.1247588470102499,2.463147061771803,2357.0237932040654,0.027456308835559776,1.7945459929687182,1.4623809536688464,1043.4589682895007,0.08284330439531085,0.0011937583160593276,0.9598804817300464,1.1175661022064096,
com.bhf.averages.CalculatingAveragesForEach.testSimpleArrayAverageForEach,382060.278010961,2048,2.561137180582083,6.509653142199698,4899.418789585416,0.11850691177378311,4.260622017657153,4.953264378843899,2069.8476411877023,0.279550905309321,0.015362535839131162,3.0836077797972417,1.6568836459794376,
com.bhf.averages.CalculatingAveragesForEach.testSimpleArrayAverageForEach,186209.51566067382,4096,15.451761966518534,195.9745057596056,10070.637013804038,0.38501615945320766,16.216214813680658,110.68774250932648,4132.652241969505,19.558203980325874,0.01775758768424423,5.856130638328182,9.543480539148607,
com.bhf.averages.CalculatingAveragesFori.testSimpleArrayAverageForI,1.6737540884652907E8,4,0.003103409197343695,0.0030990812473612353,0.1252342199824715,1.4846390834303666E-4,0.005215198370429078,0.0035912906412314738,20.085553007860927,2.218414574569983E-4,3.6518825623714085E-6,0.0026598157619411806,9.331091231458376E-4,
com.bhf.averages.CalculatingAveragesFori.testSimpleArrayAverageForI,1.1399062117674953E8,8,0.003970727857937559,0.007246727406145061,1.0112138438390816,2.82700234922048E-4,0.00635899809683676,0.00490006819503223,26.0495316228605,3.933828244956087E-4,5.4381227792143146E-5,0.007541081148198066,0.0021712535719412367,
com.bhf.averages.CalculatingAveragesFori.testSimpleArrayAverageForI,7.984231856829426E7,16,0.005253903507297242,0.014646033105343887,1.1658780686395671,2.512882655121682E-4,0.011598835937882634,0.010152405046471333,34.086878984712335,5.656522071476939E-4,4.085340415771642E-5,0.005998723015457057,0.006081620098627076,
com.bhf.averages.CalculatingAveragesFori.testSimpleArrayAverageForI,4.1389220313398466E7,32,0.03786867166950999,0.04019404397027044,11.24101139246613,8.303702292592766E-4,0.037011786878688835,0.042367606482463405,50.19622963287462,0.0015504628564035827,1.9191480338304572E-4,0.024988808168416924,0.022839656755756457,
com.bhf.averages.CalculatingAveragesFori.testSimpleArrayAverageForI,1.9186271475244336E7,64,0.014489629577484512,0.06259890423086388,44.407919969387606,9.748817193949021E-4,0.049888581832206964,0.019169096158912078,82.16587320302511,0.0021819248755859306,1.0882081255272994E-4,0.025399125224169032,0.025193965166039625,
com.bhf.averages.CalculatingAveragesFori.testSimpleArrayAverageForI,8693905.117499482,128,0.03162375432986909,0.14046857477550137,131.7236856834565,0.002050166232502557,0.11306740932290352,0.06913220342481485,146.30109711602765,0.004966473872402869,2.289511776915487E-4,0.0523560543754029,0.04597794416541979,
com.bhf.averages.CalculatingAveragesFori.testSimpleArrayAverageForI,3476917.7167372396,256,0.26477230228455373,0.32885004163222137,460.6579224982849,0.008321985857598758,0.38385335798280706,0.3097556112395319,274.56673733167435,0.012169323783149773,7.183523290639324E-4,0.23936473712413261,0.19429833896901838,
com.bhf.averages.CalculatingAveragesFori.testSimpleArrayAverageForI,1627474.9950066325,512,0.3013294179253995,0.5171747084635756,1072.9304314389117,0.016428300530421356,0.4167069485635202,0.3859148094025341,529.7836660727888,0.033959531894494556,0.0010802284559624368,0.2739327703177705,0.04565378591737558,
com.bhf.averages.CalculatingAveragesFori.testSimpleArrayAverageForI,779370.4978328805,1024,0.81885689779838,0.9579169793529615,2351.715919727963,0.023298426421316423,0.5413085213820482,1.4175891210430829,1043.125971548479,0.09843721805635393,0.0027918663572627034,0.07056132956765146,0.05673890445426939,
com.bhf.averages.CalculatingAveragesFori.testSimpleArrayAverageForI,381265.47800151474,2048,6.070286076019622,12.269375412669543,4905.971417151805,0.09793747549971289,9.648260641371452,12.850525029120174,2068.330329735276,0.3083701175615514,0.01745330164392983,7.8419669239912455,3.6235237716454316,
com.bhf.averages.CalculatingAveragesFori.testSimpleArrayAverageForI,184886.25007744328,4096,20.392216065690477,306.11080421077537,10165.936853726023,0.45365532958263494,35.01098359178669,186.4671416478363,4134.5723689576935,17.640524812341773,0.025709193563118807,19.8998150238497,16.239029882935164,
com.bhf.averages.CalculatingAveragesApache.testApacheFirstMoment,8.422384859765257E7,4,0.012955329379997204,0.016177215351149552,0.8877073027349935,3.348899222115824E-4,0.009758246412419817,0.013685681185773535,25.08994073969574,5.904136891597554E-4,7.011100841335112E-5,0.007586818374400337,0.009255454202894394,
com.bhf.averages.CalculatingAveragesApache.testApacheFirstMoment,5.6437970628693536E7,8,0.011736006046283914,0.012150274188932752,2.063625441004465,4.866278454473319E-4,0.01936375274714692,0.012377326893560877,35.0958871079436,7.213196651651526E-4,1.51253004754747E-5,0.009258251881087316,0.0025323242741236464,
com.bhf.averages.CalculatingAveragesApache.testApacheFirstMoment,2.998871580969553E7,16,0.05613377994402173,0.06390806363486268,17.200758506312976,0.0012138821644218612,0.05887854335883944,0.057039937680203316,44.16704533989487,0.0021481555297081945,2.5236470649558744E-4,0.04263586580785956,0.04237630920990638,
com.bhf.averages.CalculatingAveragesApache.testApacheFirstMoment,1.6627413659600547E7,32,0.02648920097138811,0.06300841273007901,52.889991337383286,9.029236123946107E-4,0.05114936779426397,0.03406593581197669,64.21561719707954,0.0022475155805293306,4.119377915807799E-5,0.02324561359723652,0.022816025416161716,
com.bhf.averages.CalculatingAveragesApache.testApacheFirstMoment,8003378.173714296,64,0.06606271995647613,0.07709360692288533,130.42298156741492,0.0030865319097776144,0.05802289361754822,0.0739472206266984,104.52023435439867,0.006746637282272207,2.498711688705847E-4,0.012661896494414519,0.00799970911323572,
com.bhf.averages.CalculatingAveragesApache.testApacheFirstMoment,3454738.842119274,128,0.17684907189338153,0.19224467804483666,414.7516158185311,0.008005945162206603,0.14246363810518353,0.19218927234317387,184.3610144279324,0.016579947706515274,6.493190778741928E-4,0.031449825240418304,0.0532540540055505,
com.bhf.averages.CalculatingAveragesApache.testApacheFirstMoment,1600866.6344066474,256,0.32350218874254244,0.37413979938644626,1004.2171168335477,0.016153450640554567,0.5922597601322435,0.3774545145876362,344.43781050522006,0.025646355243403866,1.9183689217127268E-4,0.27740765372165044,0.05284778507954596,
com.bhf.averages.CalculatingAveragesApache.testApacheFirstMoment,772224.9020639955,512,0.6616171362597157,1.7695192587372384,2136.575389838279,0.02519660528369934,1.4664024638902262,1.1125617622043833,724.8897947550638,0.06649001315732543,0.003249198585472849,0.7702378005381278,0.3580383630302594,
com.bhf.averages.CalculatingAveragesApache.testApacheFirstMoment,381588.1401272431,1024,0.7884772176927349,2.3680067171824937,4431.701402986646,0.08369747575935402,1.2919478879224198,1.4927688299664732,1429.7293456512677,0.21216203305132672,0.010722030984362857,1.0686597772215523,0.15476377760379653,
com.bhf.averages.CalculatingAveragesApache.testApacheFirstMoment,188248.45050483829,2048,8.75073692580368,19.771527670386778,9202.91638991524,0.2211586097447375,10.363706311870983,9.020666832700762,2934.1992976738857,1.6837377578047745,0.009131191199551367,1.5387882972166378,3.6757013235288882,
com.bhf.averages.CalculatingAveragesApache.testApacheFirstMoment,93644.33639520874,4096,5.0607075309407525,238.9828063870174,18537.46603854303,0.7687905796358481,16.655914520370896,102.42955911697018,5838.570710183244,34.655234725731326,0.04058951253319859,8.453476537525763,4.229809277167705,
com.bhf.averages.CalculatingAveragesFutures.testAverageWithFutures,44959.14020524812,4,5184.740570642848,12452.86585938481,47372.54622082532,226.9099307749183,8975.808221360136,6657.0274367667935,9195.666425685342,759.2707650308729,1.6925808326559706,256.0100872440429,229.71754767929758,
com.bhf.averages.CalculatingAveragesFutures.testAverageWithFutures,45475.73319955655,8,4943.318826254447,12199.166054176596,44986.307044677145,235.99387466245338,8929.818170343362,6339.844104787291,8513.06052889726,744.1613605460893,0.4126152196092909,46.212863845262795,30.807601609709565,
com.bhf.averages.CalculatingAveragesFutures.testAverageWithFutures,45009.10649191815,16,4856.161869680665,11821.578305173245,46006.50618957794,212.97372147911912,8438.984048933218,6268.336371313197,8539.790009662029,750.7314362566932,0.19451270818789707,53.08173359525985,53.90618742795177,
com.bhf.averages.CalculatingAveragesFutures.testAverageWithFutures,44979.64109197572,32,5180.818218541077,12332.068031798624,46718.63906715024,220.5940678873333,8942.112653063916,6582.347474977873,8792.466220846401,755.6447284367028,0.29361683467171507,54.693197676840654,57.85223426501269,
com.bhf.averages.CalculatingAveragesFutures.testAverageWithFutures,45003.880402740404,64,4976.327423495975,11875.898192334802,46297.05037587213,231.2754623796753,8667.899166082367,6370.189199441373,8704.179694828059,731.7920762065286,0.26108439631297464,67.68158806755432,48.836495722117796,
com.bhf.averages.CalculatingAveragesFutures.testAverageWithFutures,44774.30349287071,128,4782.200411345927,11763.13513343092,45950.37140605422,217.01602589223015,8564.244198476763,6144.641189711634,8618.634593445277,736.3184474205245,0.2664962856751996,59.18997273906574,44.11208001368062,
com.bhf.averages.CalculatingAveragesFutures.testAverageWithFutures,44695.536165523554,256,5088.647507046128,12181.572030635632,47163.32121971055,232.03543722380792,8760.568406971071,6578.223272413588,9069.443500853047,758.3212907526434,0.499190113079283,91.21939262037283,106.71801488072732,
com.bhf.averages.CalculatingAveragesFutures.testAverageWithFutures,43920.62319923965,512,5251.027920683838,12423.291677492316,47704.544075707694,250.7343608544391,9130.163971296404,6802.842129245962,9172.682466236307,766.7856499744275,0.376721702621567,50.537080366260426,44.67065309214046,
com.bhf.averages.CalculatingAveragesFutures.testAverageWithFutures,43343.941905342035,1024,5468.731613490094,13228.079521596057,50828.04812257894,245.0885997461906,9447.332685686266,7228.942814068236,10455.295728068415,824.8277555225334,2.601978736365397,390.3718679217451,331.15648033564753,
com.bhf.averages.CalculatingAveragesFutures.testAverageWithFutures,42877.96573654164,2048,4844.112313221876,12246.003160074533,49897.0839433232,234.11574783240968,8583.177034455106,6384.864575894439,10494.208288035761,789.8586942577103,0.361970673804163,39.89412295567869,38.24959510747438,
com.bhf.averages.CalculatingAveragesFutures.testAverageWithFutures,39557.78212929526,4096,5254.477098231724,13320.447069886357,56845.2238012778,266.717308141952,9307.865706638118,7031.421579407555,12555.543045082522,889.9282867212811,0.3168776649296723,69.46187993025212,48.715671190231504,
com.bhf.averages.CalculatingAveragesParallelAtomic.testAverageWithParallelAtomic,45538.46776668276,4,4548.697512083754,11070.95211004235,45199.95092262902,198.4448122002344,8081.930084514442,5844.933312788366,8243.64982863221,691.7044893547209,0.2922749355636985,31.720104939085733,35.44539756819526,
com.bhf.averages.CalculatingAveragesParallelAtomic.testAverageWithParallelAtomic,45112.804353087726,8,4850.167221859608,11511.540666584026,45510.823098616136,224.60517875007835,8499.133000725453,6251.044812017515,8202.358889874416,713.5528071043639,0.23986354053285447,50.400383177999366,42.955540177247656,
com.bhf.averages.CalculatingAveragesParallelAtomic.testAverageWithParallelAtomic,45439.72950952725,16,4693.314128418697,11395.862519887916,45545.22122047651,213.86451846220055,8297.43510869253,6012.728274295223,8564.222246807725,721.8134042066664,0.38991730411356296,58.178005606474485,64.67678750207847,
com.bhf.averages.CalculatingAveragesParallelAtomic.testAverageWithParallelAtomic,45774.562656359674,32,4792.206175416885,11652.795916883144,44635.61056740162,209.12980314405493,8402.879543516863,6174.5418480352355,8167.140105031075,736.1614912009172,0.2679497249810411,42.60310945754191,37.31242120088263,
com.bhf.averages.CalculatingAveragesParallelAtomic.testAverageWithParallelAtomic,45690.29088401496,64,4713.043312447132,11545.723876534654,45014.77555274984,223.28957224353513,8371.811831505656,6064.187432878561,8206.086626001274,725.5931573066135,0.2199262605185568,46.24800927986166,34.86201428441262,
com.bhf.averages.CalculatingAveragesParallelAtomic.testAverageWithParallelAtomic,45576.48854199346,128,4530.211971408319,11263.358435528296,44712.74955842253,205.9273035898382,8124.098575402335,5910.101705111471,8242.124631361434,729.4083011969235,0.155788548629278,36.24349957641197,32.10716901675105,
com.bhf.averages.CalculatingAveragesParallelAtomic.testAverageWithParallelAtomic,45824.10387995215,256,4492.001105259764,11168.702343523837,44730.743178519115,203.20248890959243,8000.039448348219,5835.776064602221,8351.693360764564,710.0832831893737,0.2688175182666859,41.01693257179195,39.81557597198461,
com.bhf.averages.CalculatingAveragesParallelAtomic.testAverageWithParallelAtomic,45146.3548856765,512,4488.03045509435,11313.090532792405,44867.294223617944,205.78120450040873,8033.3938880208125,5897.683402332273,8730.286705799923,745.0386427144259,0.23963535831545701,39.286617374251904,43.95436801110744,
com.bhf.averages.CalculatingAveragesParallelAtomic.testAverageWithParallelAtomic,45076.56986698784,1024,4863.4939728747595,12456.302104255832,44341.76974111356,250.90865881497788,8879.377888820749,6270.605144414609,9350.078752441399,826.4775233703122,0.3168620778887205,59.0337022380601,40.47689779765542,
com.bhf.averages.CalculatingAveragesParallelAtomic.testAverageWithParallelAtomic,43951.606666495485,2048,4828.296113702474,12860.348037664138,45128.182342561566,254.10070154385178,8655.806252560344,6393.1645764646055,10386.240612758342,993.8229497956689,0.2229720004948853,52.95334199867913,25.4744480152431,
com.bhf.averages.CalculatingAveragesParallelAtomic.testAverageWithParallelAtomic,42577.65287928495,4096,5269.071202386132,16627.914755015157,45365.016192367766,323.5118414160592,9714.808826798666,6935.8967611430535,12279.054519525453,1437.5002800263562,0.26277277617870226,40.385211945398275,31.13644131511194,
com.bhf.averages.CalculatingAveragesParallelAtomicRef.testAverageWithParallelAtomicRef,45610.05954710482,4,4710.681974471952,11464.516075001877,45070.01029127305,214.40417118088212,8421.619414656448,5999.380509544378,8094.776253301177,691.2190877142945,0.2316644494105395,41.05593915433917,43.709009152962444,
com.bhf.averages.CalculatingAveragesParallelAtomicRef.testAverageWithParallelAtomicRef,45306.6701285492,8,4632.200985628197,11244.536140282751,45584.73945751979,195.975785585321,8096.699850791777,5954.549104106975,8532.947165332907,703.102553256301,0.41198422580844885,60.03962059974383,47.4240581230169,
com.bhf.averages.CalculatingAveragesParallelAtomicRef.testAverageWithParallelAtomicRef,45455.68553880084,16,4607.282302675915,11066.186468674592,44747.157639767305,217.26556096465552,8088.647506903679,5977.925176738125,8229.912197169806,701.4184646892685,0.2527437437465005,37.43794132959801,44.80389237074179,
com.bhf.averages.CalculatingAveragesParallelAtomicRef.testAverageWithParallelAtomicRef,45503.39112367371,32,4539.403981453602,11315.582722852443,44890.1813284989,201.58270849337944,8141.287557802053,5936.745118133974,8173.345595806628,719.8893703324542,0.21921924639191923,40.33588900794739,37.68209841249538,
com.bhf.averages.CalculatingAveragesParallelAtomicRef.testAverageWithParallelAtomicRef,45023.82460452632,64,4811.310767131725,11518.569084852536,45815.60449589366,222.1518652282553,8353.256565135905,6194.0452062448485,8574.961841512233,724.8863946479217,0.3590776552193001,70.8538081963211,67.31999150000054,
com.bhf.averages.CalculatingAveragesParallelAtomicRef.testAverageWithParallelAtomicRef,44711.30517868043,128,4700.169305219923,11414.359713883365,45627.41662562092,211.83962121432978,8428.586021102892,6034.457983763785,8526.728967479687,709.8737559451472,0.37212977210518344,49.320582952236315,33.73215990367975,
com.bhf.averages.CalculatingAveragesParallelAtomicRef.testAverageWithParallelAtomicRef,44804.68272588609,256,4466.946486355576,11380.25487599516,45338.03249877213,209.7254079182556,8237.259658720903,5822.433739050268,8602.701912183373,715.1170637093792,0.2406547622172893,57.343700327657615,46.44965147326027,
com.bhf.averages.CalculatingAveragesParallelAtomicRef.testAverageWithParallelAtomicRef,34201.6563668951,512,5494.278742580601,12441.509489947528,49113.32541316712,247.0552986600353,8884.469125917427,7102.022395110296,8997.321740753176,810.9271264609736,0.5214703474615408,589.7972074005621,491.5518227898171,
com.bhf.averages.CalculatingAveragesParallelAtomicRef.testAverageWithParallelAtomicRef,38571.63555343447,1024,5696.1801093669,13405.892632752411,50086.448040183124,260.282256357818,9836.505453046013,7206.95657850859,9843.49936134564,792.128855425437,0.7918267723180621,446.8375215449666,421.7872792657047,
com.bhf.averages.CalculatingAveragesParallelAtomicRef.testAverageWithParallelAtomicRef,36972.48494000955,2048,5329.613771015545,12961.870098763777,51621.28023816393,233.41691062148672,9021.920323868075,6898.2052515698415,10361.828376505993,838.3822426357797,0.822342930026457,252.2390801318901,239.64639118178656,
com.bhf.averages.CalculatingAveragesParallelAtomicRef.testAverageWithParallelAtomicRef,34418.10635210438,4096,6656.929227384054,15752.34706972349,57621.35667967002,292.64857655095096,11012.903526573775,8614.802897609236,12460.65460772521,1029.0412338549027,0.7614828839362618,193.20145078073898,209.19610509981015,
com.bhf.averages.CalculatingAveragesParallelAtomicRef.testAverageWithParallelAtomicRef,39683.31752826532,4,5679.370010828991,12421.136546415455,47782.440629289886,244.63001342728893,9496.625836139596,6868.182807169194,8304.488743418806,724.7236864546978,0.47006198206634486,324.3076296371119,297.0826543184885,
com.bhf.averages.CalculatingAveragesParallelAtomicRef.testAverageWithParallelAtomicRef,34395.50059796862,8,6819.0264508229775,13310.20649054271,51024.42258784846,257.31771314476754,10630.48954232046,7744.697773811071,8314.54669355351,755.3493518754518,0.7836430555084288,899.1737848646366,730.4990499429049,
com.bhf.averages.CalculatingAveragesParallelAtomicRef.testAverageWithParallelAtomicRef,42253.981847418865,16,5196.48957651702,11732.864832176156,47074.09741096111,229.73114203269103,8863.28654304561,6350.052761575574,8284.728391316214,708.5059152623598,0.5686780490132363,154.1040083060806,124.58799832977411,
com.bhf.averages.CalculatingAveragesParallelAtomicRef.testAverageWithParallelAtomicRef,43907.2173204911,32,5058.185772335333,11535.604526005547,46321.975259999286,202.366363131969,8653.815531365222,6234.362434220217,8225.375818716237,725.1209949099507,0.3371707424012028,68.30835109024827,63.35450036857,
com.bhf.averages.CalculatingAveragesParallelAtomicRef.testAverageWithParallelAtomicRef,45153.79640144633,64,4879.484258484817,11783.935822625062,45570.22838430222,236.8387148183033,8669.42369405299,6301.769579168872,8637.271334542767,728.7571838575626,0.494465722410293,60.884321573083554,45.83748301395247,
com.bhf.averages.CalculatingAveragesParallelAtomicRef.testAverageWithParallelAtomicRef,45157.139098175016,128,4651.122295811665,11496.014367738228,45242.13465670911,206.20421440236814,8299.80350605501,6001.097012054471,8582.510636054092,738.4428640366963,0.3676361527582098,63.78622238995915,56.65167743123928,
com.bhf.averages.CalculatingAveragesParallelAtomicRef.testAverageWithParallelAtomicRef,37965.878255591335,256,5524.067448811138,11908.786344063474,47658.279751676055,237.25020955138902,8975.119218140197,6598.923225194222,8589.007554489286,750.5628045365527,0.7273678918979973,300.3257104382183,271.2971031042943,
com.bhf.averages.CalculatingAveragesParallelAtomicRef.testAverageWithParallelAtomicRef,41636.466011558914,512,5525.175054130022,12284.438261549873,47782.024004059494,239.28250682907344,9263.098943091321,6741.028401645201,8791.198308871864,749.7267639576111,0.2746718085170422,146.49549644998572,128.31594514290728,
com.bhf.averages.CalculatingAveragesParallelAtomicRef.testAverageWithParallelAtomicRef,37163.34390257326,1024,5774.55305866315,12814.73359720598,50237.36212830186,243.34488974328391,9577.286090419459,7105.4676810548735,9126.696171131234,807.7424627028365,0.47357883703993214,419.0910626901886,354.88455735699586,
com.bhf.averages.CalculatingAveragesParallelAtomicRef.testAverageWithParallelAtomicRef,39157.10562353601,2048,4825.7218043569255,12427.108097700397,50814.5707810798,214.4163240479035,8278.650978283114,6673.5239924980515,10147.650729732493,807.4882560856647,0.46810406632379514,123.07743796786396,124.27972992981029,
com.bhf.averages.CalculatingAveragesParallelAtomicRef.testAverageWithParallelAtomicRef,35241.03423691226,4096,6002.945607648013,15156.342785286424,55703.32273214976,292.5153859834796,10267.531440049544,8086.164640517564,12461.111060423984,1001.7095460007474,0.48130841928487467,101.49848740257389,94.06742480006943,
com.bhf.averages.CalculatingAveragesParallelPrefix.testAverageParallelPrefix,2.2905945571236473E7,4,1.804454466878844,1.6450294162729986,26.948522832937336,0.02718822199107295,2.167138980837515,1.156673392974335,57.32881673576684,0.03818765429454178,0.005263844027238745,1.0022738758407024,0.7911569316026089,
com.bhf.averages.CalculatingAveragesParallelPrefix.testAverageParallelPrefix,2.498757925961394E7,8,1.999603629646058,1.3909600762087446,19.40113423505664,0.026098080816817318,2.672272230292193,0.9738361807691486,61.72938946397903,0.0362508491339665,0.005306742449933115,0.6966879706340141,0.767752033181445,
com.bhf.averages.CalculatingAveragesParallelPrefix.testAverageParallelPrefix,2.298361576851968E7,16,2.026806610263661,1.1165047846223175,21.837032610460593,0.031946129794829324,2.4214090277976905,1.1252460543616178,69.17509568652986,0.042084982688825885,0.0066372703130295994,0.8527038042892432,0.6022316308723156,
com.bhf.averages.CalculatingAveragesParallelPrefix.testAverageParallelPrefix,431871.41687798593,32,869.2760902248074,1522.072989115371,7906.862876462823,28.40323532166385,1266.350236336797,900.9755859899424,1392.8123861218025,79.65537055313403,0.09980714735365917,64.80062836427186,62.58727624320365,
com.bhf.averages.CalculatingAveragesParallelPrefix.testAverageParallelPrefix,139322.19681152204,64,3041.2594470950335,5695.638835628783,27241.525511951193,111.55350483014196,4578.221716597086,3401.11314216643,4398.17524279916,304.61450784413597,0.9397638254468166,140.43987023104322,151.48221406383567,
com.bhf.averages.CalculatingAveragesParallelPrefix.testAverageParallelPrefix,69457.65802761681,128,6551.581830064248,10438.345635819023,47371.4201392948,197.99055454790923,9227.49151324831,6434.693892773582,8696.3598810676,551.8319030963517,1.7066155157231413,544.4080425708964,430.0209441372036,
com.bhf.averages.CalculatingAveragesParallelPrefix.testAverageParallelPrefix,45874.30900800831,256,8960.363609424723,16821.822232294497,69143.21457769419,353.2538576802053,13831.842660330094,10000.851161296996,15168.70614589686,898.3430521068143,1.9139359057355938,666.7104340878856,534.4976938930768,
com.bhf.averages.CalculatingAveragesParallelPrefix.testAverageParallelPrefix,36336.404655659586,512,11915.25622463147,21412.3694661187,89965.32787557713,431.58259342037024,17726.5440536354,12855.159185529501,22626.48929457845,1168.3019094985925,2.08418662629083,615.2016624937894,464.01957065707467,
com.bhf.averages.CalculatingAveragesParallelPrefix.testAverageParallelPrefix,35809.65283208569,1024,12004.776565297685,22740.325986090163,93432.39520545797,447.8185206069602,18456.787052619205,13268.843825273194,21117.949067880934,1231.7711165900698,1.765234391333994,602.8396692529924,532.385477146257,
com.bhf.averages.CalculatingAveragesParallelPrefix.testAverageParallelPrefix,33108.602480907815,2048,12998.126034798117,24058.177100934834,99222.10839256753,476.35332061926846,19495.54202426826,14111.132682135272,29806.235202793894,1313.3202243538337,3.63446140336993,815.6499114819749,671.4385467571988,
com.bhf.averages.CalculatingAveragesParallelPrefix.testAverageParallelPrefix,31057.20874328354,4096,14401.408540377279,28121.122489578425,110002.63166444552,531.700135335663,21665.617579988353,16609.117918041695,27535.156122173925,1458.9289618653638,2.166780906298702,504.9531790535469,546.689943454779,
com.bhf.averages.CalculatingAveragesParallelPrefix.testAverageParallelPrefixWithArrayCopy,2.228114013894169E7,4,1.2201254656734317,1.4567902053859956,17.480627280841894,0.03662489287961293,1.7836367733168317,1.0742441759107972,76.25298665514043,0.04632799478338306,0.0044922360655170026,1.0073810944522,0.6741013514659834,
com.bhf.averages.CalculatingAveragesParallelPrefix.testAverageParallelPrefixWithArrayCopy,2.1255242411140952E7,8,3.6182457847184804,1.7652221402141808,20.365173493201155,0.04697793934076694,3.580456725084183,1.6790930716628332,82.11666890013251,0.06607872821494276,0.005802054691494414,0.9772245362484857,0.9725915038835133,
com.bhf.averages.CalculatingAveragesParallelPrefix.testAverageParallelPrefixWithArrayCopy,1.861592456151097E7,16,3.8324387025750437,3.0733712342250015,22.163533398606614,0.08261221998546689,5.044847594521132,1.7266523018323945,90.83933213249789,0.10368315661548658,0.005352336358973198,1.8217001516268634,1.1801403488196414,
com.bhf.averages.CalculatingAveragesParallelPrefix.testAverageParallelPrefixWithArrayCopy,284861.0241615744,32,1656.1598356140248,2777.6732615259716,14955.787541061856,51.22285951899069,2386.679887558509,1658.6350113419905,2300.6542693470647,155.56111978753972,0.2794129336221232,62.294127625175065,61.56067387464047,
com.bhf.averages.CalculatingAveragesParallelPrefix.testAverageParallelPrefixWithArrayCopy,130914.1238774829,64,3358.2619099179715,6148.234148404076,30320.622102962698,113.62477282933821,5097.969340965311,3616.059049598122,4927.797131351382,347.02089854672727,0.7578484510595138,206.59436568128254,191.2459945727947,
com.bhf.averages.CalculatingAveragesParallelPrefix.testAverageParallelPrefixWithArrayCopy,74493.01576275616,128,5919.3284231547195,10750.04248956091,48750.64131808903,214.62148646506628,8859.554460698988,6441.729630225417,8245.366369844438,594.781489415656,1.0517172880594003,380.47572474929046,284.5146969338048,
com.bhf.averages.CalculatingAveragesParallelPrefix.testAverageParallelPrefixWithArrayCopy,46339.478313598695,256,9816.58482017558,16776.151867879875,72135.63935515564,327.1042997844579,14353.912698909173,10040.618463490804,13105.716574872084,941.4330115852482,2.5605710231727294,802.3695153584146,690.6929753913045,
com.bhf.averages.CalculatingAveragesParallelPrefix.testAverageParallelPrefixWithArrayCopy,33928.97077591384,512,13022.314325347399,23075.989098216727,91496.1722557514,477.97022624584713,19163.825853373783,13978.092334591094,23083.824872652014,1269.067216018021,4.698921739043167,943.9003316310872,954.6956332962952,
com.bhf.averages.CalculatingAveragesParallelPrefix.testAverageParallelPrefixWithArrayCopy,33183.19104948896,1024,12770.601856576748,24252.982434642287,94986.70172280968,503.35183794701913,19372.76906287021,14652.589152519766,21163.05839062861,1368.2775491547534,5.047959600717825,1147.4201669062636,911.1657425410973,
com.bhf.averages.CalculatingAveragesParallelPrefix.testAverageParallelPrefixWithArrayCopy,32010.695313352302,2048,12594.536492024044,27713.764649936154,103654.51741800681,596.4424931438716,20035.665717091142,16593.05560210935,29497.844856730182,1709.0383498158826,8.128704558931634,982.8703535486438,765.2987734892325,
com.bhf.averages.CalculatingAveragesParallelPrefix.testAverageParallelPrefixWithArrayCopy,28435.22296785597,4096,15242.689303907828,34863.294571939485,115758.07209665384,747.8708594901219,24113.59518340234,20592.542406951306,34446.60600460146,2093.225754153846,9.24715448438086,1457.6783841882104,1043.5850389601255,

